{
  "kind": "app",
  "storage": "ipfs",
  "name": "Metame Onchain",
  "version": "0.1.2",
  "description": "Metame on chain explorer",
  "website": "https://www.metamenft.io/",
  "price": 0,
  "tag": "nfts",
  "contact": "https://github.com/hogyzen12",
  "entrypoints": {
    "default": {
      "web": "./web-build/index.html"
    }
  },  
  "icon": {
    "md": "./assets/icon.png"
  },
  "screenshots": [
    "./assets/screenShot.png",
    "./assets/screenShot1.png",
    "./assets/screenShot2.png"
  ]  
}